email_id,subject,body,sender_email,timestamp,priority
test@test.com,feature request,sender asking for feature request,test,11:00:00 AM,high
test2@test.com,improve the feature,sender asking for feature request,test2,03:00:00 PM,high
test2@test.com,bug,bug is found and fix it,test2,06:00:00 AM,medium
test2@test.com,improve speed,it is very slow improve speed,test2,05:00:00 PM,low
test2@test.com,feature request,sender asking for feature request,test2,03:00:00 AM,medium
test3@test.com,bug,bug is found and fix it,test3,07:30:00 AM,high
test3@test.com,improve speed,it is very slow improve speed,test3,05:45:00 AM,low
test3@test.com,feature request,sender asking for feature request,test3,04:25:00 PM,medium
test5@test.com,bug,bug is found and fix it,test5,08:30:00 AM,low
test4@test.com,bug,bug is found and fix it,test4,08:25:00 PM,high
test1@test.com,feature request,sender asking for feature request,test1,11:25:00 PM,high
